Alabama,Florida,Georgia,Mississippi,Tennessee
Alaska
Arizona,California,Nevada,NewMexico,Utah
Arkansas,Louisiana,Mississippi,Missouri,Oklahoma,Tennessee,Texas
California,Arizona,Nevada,Oregon
Colorado,Kansas,Nebraska,NewMexico,Oklahoma,Utah,Wyoming
Connecticut,Massachusetts,NewYork,RhodeIsland
Delaware,Maryland,NewJersey,Pennsylvania
Florida,Alabama,Georgia
Georgia,Alabama,Florida,NorthCarolina,SouthCarolina,Tennessee
Hawaii
Idaho,Nevada,Montana,Oregon,Utah,Washington,Wyoming
Illinois,Indiana,Iowa,Kentucky,Missouri,Wisconsin
Indiana,Illinois,Kentucky,Michigan,Ohio
Iowa,Illinois,Missouri,Minnesota,Nebraska,SouthDakota,Wisconsin
Kansas,Colorado,Missouri,Nebraska,Oklahoma
Kentucky,Tennessee,Missouri,Illinois,Indiana,Ohio,WestVirginia,Virginia
Louisiana,Arkansas,Mississippi,Texas
Maine,NewHampshire
Maryland,Delaware,Pennsylvania,WestVirginia,Virginia
Massachusetts,Connecticut,RhodeIsland,NewHampshire,NewYork,Vermont
Michigan,Indiana,Ohio,Wisconsin
Minnesota,Iowa,NorthDakota,SouthDakota,Wisconsin
Mississippi,Alabama,Arkansas,Louisiana,Tennessee
Missouri,Arkansas,Oklahoma,Kansas,Nebraska,Iowa,Illinois,Kentucky,Tennessee
Montana,Idaho,NorthDakota,SouthDakota,Wyoming
Nebraska,SouthDakota,Wyoming,Colorado,Kansas,Missouri,Iowa
Nevada,California,Arizona,Utah,Idaho,Oregon
NewHampshire,Vermont,Massachusetts,Maine
NewJersey,Delaware,Pennsylvania,NewYork
NewMexico,Texas,Arizona,Oklahoma
NewYork,Pennsylvania,NewJersey,Connecticut,Massachusetts,Vermont
NorthCarolina,SouthCarolina,Virginia,Tennessee,Georgia
NorthDakota,Minnesota,Montana,SouthDakota
Ohio,Indiana,Kentucky,Michigan,WestVirginia,Pennsylvania
Oklahoma,Colorado,NewMexico,Texas,Kansas,Arkansas,Missouri
Oregon,Washington,Nevada,Idaho,Washington
Pennsylvania,NewYork,NewJersey,Delaware,Maryland,WestVirginia,Ohio
RhodeIsland,Connecticut,Massachusetts
SouthCarolina,NorthCarolina,Georgia
SouthDakota,NorthDakota,Minnesota,Iowa,Nebraska,Wyoming,Montana
Tennessee,Kentucky,Virginia,NorthCarolina,Georgia,Alabama,Mississippi,Arkansas,Missouri
Texas,NewMexico,Oklahoma,Arkansas,Louisiana
Utah,Nevada,Arizona,Colorado,Wyoming,Idaho
Vermont,NewHampshire,Massachusetts,NewYork
Virginia,NorthCarolina,Tennessee,Kentucky,WestVirginia,Maryland
Washington,Oregon,Idaho
WestVirginia,Virginia,Maryland,Pennsylvania,Ohio,Kentucky
Wisconsin,Michigan,Illinois,Iowa,Minnesota
Wyoming,Montana,Idaho,Utah,Colorado,Nebraska,SouthDakota
